title,count
Sample Title 188,2
Sample Title 232,2
Sample Title 741,2
Sample Title 319,2
Sample Title 279,2
Sample Title 634,2
Sample Title 703,2
Sample Title 394,2
Sample Title 724,2
Sample Title 537,2
Sample Title 427,2
Sample Title 326,2
Sample Title 620,2
Sample Title 1486,2
Sample Title 78,2
Sample Title 716,2
Sample Title 744,2
Sample Title 605,2
Sample Title 247,2
Sample Title 681,2
Sample Title 197,2
Sample Title 249,2
Sample Title 738,2
Sample Title 733,2
Sample Title 370,2
Sample Title 545,2
Sample Title 748,2
Sample Title 710,2
Sample Title 149,2
Sample Title 205,2
Sample Title 374,2
Sample Title 408,2
Sample Title 740,2
Sample Title 377,2
Sample Title 35,2
Sample Title 302,2
Sample Title 156,2
Sample Title 549,2
Sample Title 212,2
Sample Title 40,2
Sample Title 41,2
Sample Title 262,2
Sample Title 550,2
Sample Title 161,2
Sample Title 344,2
Sample Title 216,2
Sample Title 687,2
Sample Title 218,2
Sample Title 109,2
Sample Title 166,2
